{
  "employees": [
    {
      "name": "Shreyansh Mani Tripathi",
      "username": "Shreyansh",
      "password": "Shreyansh",
      "email": "shreyansh@gmail.com",
      "id": 1
    },
    {
      "name": "Sulakshan",
      "username": "Sulakshan",
      "password": "Sulakshan",
      "email": "sulakshan@gmail.com",
      "id": 2
    },
    {
      "name": "Shraddha",
      "username": "Shraddha",
      "password": "shraddha",
      "email": "shraddha@gmail.com",
      "id": 3
    },
    {
      "name": "admin",
      "username": "admin",
      "password": "12345",
      "email": "admin@gmail.com",
      "id": 4
    },
    {
      "name": "Vilas",
      "email": "vilas@gmail.com",
      "username": "vilas",
      "password": "12345",
      "id": 5
    },
    {
      "name": "tom Hiddlestone",
      "email": "tom@gmail.com",
      "username": "Tom",
      "password": "tom",
      "id": 6
    },
    {
      "name": "Thor",
      "email": "thor@cybage.com",
      "username": "thor",
      "password": "thor",
      "id": 7
    }
  ]
}